{"cameraMode":{"drawMode":0,"name":"Shaded","section":"Shading Mode"},"sceneLighting":true,"audioPlay":false,"sceneViewState":{"m_AlwaysRefresh":false,"showFog":true,"showSkybox":true,"showFlares":true,"showImageEffects":true,"showParticleSystems":true,"showVisualEffectGraphs":true,"m_FxEnabled":true},"in2DMode":false,"pivot":{"x":16.481523513793947,"y":3.079592704772949,"z":16.540719985961915},"rotation":{"x":0.1714518517255783,"y":-0.23111161589622498,"z":0.04141314700245857,"w":0.9568081498146057},"size":0.3635011315345764,"orthographic":false}